season,team,player_name,playing_role,base_price,final_price,capped_status,is_retention,retention_type
2018,Chennai Super Kings,Kedar Jadhav,All-Rounder,,78000000,,FALSE,
2018,Chennai Super Kings,Dwayne Bravo,All-Rounder,,64000000,,FALSE,
2018,Chennai Super Kings,Karn Sharma,Bowler,,50000000,,FALSE,
2018,Chennai Super Kings,Shane Watson,All-Rounder,,40000000,,FALSE,
2018,Chennai Super Kings,Shardul Narendra Thakur,Bowler,,26000000,,FALSE,
2018,Chennai Super Kings,Ambati Rayudu,Wicket Keeper,,22000000,,FALSE,
2018,Chennai Super Kings,Murali Vijay,Batsman,,20000000,,FALSE,
2018,Chennai Super Kings,Harbhajan Singh,Bowler,,20000000,,FALSE,
2018,Chennai Super Kings,Faf Du Plessis,Batsman,,16000000,,FALSE,
2018,Chennai Super Kings,Mark Wood,Bowler,,15000000,,FALSE,
2018,Chennai Super Kings,Sam Billings,Wicket Keeper,,10000000,,FALSE,
2018,Chennai Super Kings,Imran Tahir,Bowler,,10000000,,FALSE,
2018,Chennai Super Kings,Deepak Chahar,All-Rounder,,8000000,,FALSE,
2018,Chennai Super Kings,Mitchell Santner,All-Rounder,,5000000,,FALSE,
2018,Chennai Super Kings,Lungisani Ngidi,Bowler,,5000000,,FALSE,
2018,Chennai Super Kings,Asif K M,Bowler,,4000000,,FALSE,
2018,Chennai Super Kings,N Jagadeesan,Wicket Keeper,,2000000,,FALSE,
2018,Chennai Super Kings,Kanishk Seth,All-Rounder,,2000000,,FALSE,
2018,Chennai Super Kings,Monu Singh,Bowler,,2000000,,FALSE,
2018,Chennai Super Kings,Dhruv Shorey,All-Rounder,,2000000,,FALSE,
2018,Chennai Super Kings,Kshitiz Sharma,All-Rounder,,2000000,,FALSE,
2018,Chennai Super Kings,Chaitanya Bishnoi,All-Rounder,,2000000,,FALSE,
2018,Delhi Daredevils,Glenn Maxwell,All-Rounder,,90000000,,FALSE,
2018,Delhi Daredevils,Kagiso Rabada,Bowler,,42000000,,FALSE,
2018,Delhi Daredevils,Amit Mishra,Bowler,,40000000,,FALSE,
2018,Delhi Daredevils,Shahbaz Nadeem,Bowler,,32000000,,FALSE,
2018,Delhi Daredevils,Vijay Shankar,All-Rounder,,32000000,,FALSE,
2018,Delhi Daredevils,Rahul Tewatia,All-Rounder,,30000000,,FALSE,
2018,Delhi Daredevils,Mohammad Shami,Bowler,,30000000,,FALSE,
2018,Delhi Daredevils,Gautam Gambhir,Batsman,,28000000,,FALSE,
2018,Delhi Daredevils,Trent Boult,Bowler,,22000000,,FALSE,
2018,Delhi Daredevils,Colin Munro,All-Rounder,,19000000,,FALSE,
2018,Delhi Daredevils,Daniel Christian,All-Rounder,,15000000,,FALSE,
2018,Delhi Daredevils,Jason Roy,Batsman,,15000000,,FALSE,
2018,Delhi Daredevils,Naman Ojha,Wicket Keeper,,14000000,,FALSE,
2018,Delhi Daredevils,Prithvi Shaw,Batsman,,12000000,,FALSE,
2018,Delhi Daredevils,Gurkeerat Singh Mann,All-Rounder,,7500000,,FALSE,
2018,Delhi Daredevils,Avesh Khan,Bowler,,7000000,,FALSE,
2018,Delhi Daredevils,Abhishek Sharma,All-Rounder,,5500000,,FALSE,
2018,Delhi Daredevils,Jayant Yadav,All-Rounder,,5000000,,FALSE,
2018,Delhi Daredevils,Harshal Patel,All-Rounder,,2000000,,FALSE,
2018,Delhi Daredevils,Manjot Kalra,Batsman,,2000000,,FALSE,
2018,Delhi Daredevils,Sandeep Lamichhane,Bowler,,2000000,,FALSE,
2018,Delhi Daredevils,Sayan Ghosh,Bowler,,2000000,,FALSE,
2018,Kings XI Punjab,KL Rahul,Batsman,,110000000,,FALSE,
2018,Kings XI Punjab,Ravichandran Ashwin,All-Rounder,,76000000,,FALSE,
2018,Kings XI Punjab,Andrew Tye,Bowler,,72000000,,FALSE,
2018,Kings XI Punjab,Aaron Finch,Batsman,,62000000,,FALSE,
2018,Kings XI Punjab,Marcus Stoinis,All-Rounder,,62000000,,FALSE,
2018,Kings XI Punjab,Karun Nair,Batsman,,56000000,,FALSE,
2018,Kings XI Punjab,Mujeeb Zadran,Bowler,,40000000,,FALSE,
2018,Kings XI Punjab,Ankit Singh Rajpoot,Bowler,,30000000,,FALSE,
2018,Kings XI Punjab,David Miller,Batsman,,30000000,,FALSE,
2018,Kings XI Punjab,Mohit Sharma,Bowler,,24000000,,FALSE,
2018,Kings XI Punjab,Barinder Singh Sran,Bowler,,22000000,,FALSE,
2018,Kings XI Punjab,Yuvraj Singh,All-Rounder,,20000000,,FALSE,
2018,Kings XI Punjab,Christopher Gayle,Batsman,,20000000,,FALSE,
2018,Kings XI Punjab,Ben Dwarshuis,Bowler,,14000000,,FALSE,
2018,Kings XI Punjab,Akshdeep Nath,All-Rounder,,10000000,,FALSE,
2018,Kings XI Punjab,Manoj Tiwary,Batsman,,10000000,,FALSE,
2018,Kings XI Punjab,Mayank Agarwal,Batsman,,10000000,,FALSE,
2018,Kings XI Punjab,Manzoor Dar,All-Rounder,,2000000,,FALSE,
2018,Kings XI Punjab,Pardeep Sahu,Bowler,,2000000,,FALSE,
2018,Kings XI Punjab,Mayank Dagar,All-Rounder,,2000000,,FALSE,
2018,Kolkata Knight Riders,Chris Lynn,Batsman,,96000000,,FALSE,
2018,Kolkata Knight Riders,Mitchell Starc,Bowler,,94000000,,FALSE,
2018,Kolkata Knight Riders,Dinesh Karthik,Wicket Keeper,,74000000,,FALSE,
2018,Kolkata Knight Riders,Robin Uthappa,Wicket Keeper,,64000000,,FALSE,
2018,Kolkata Knight Riders,Kuldeep Singh Yadav,Bowler,,58000000,,FALSE,
2018,Kolkata Knight Riders,Piyush Chawla,Bowler,,42000000,,FALSE,
2018,Kolkata Knight Riders,Nitish Rana,All-Rounder,,34000000,,FALSE,
2018,Kolkata Knight Riders,Kamlesh Nagarkoti,All-Rounder,,32000000,,FALSE,
2018,Kolkata Knight Riders,Shivam Mavi,All-Rounder,,30000000,,FALSE,
2018,Kolkata Knight Riders,Mitchell Johnson,Bowler,,20000000,,FALSE,
2018,Kolkata Knight Riders,Shubman Gill,Batsman,,18000000,,FALSE,
2018,Kolkata Knight Riders,Ranganath Vinay Kumar,Bowler,,10000000,,FALSE,
2018,Kolkata Knight Riders,Rinku Singh,Batsman,,8000000,,FALSE,
2018,Kolkata Knight Riders,Cameron Delport,All-Rounder,,3000000,,FALSE,
2018,Kolkata Knight Riders,Javon Searless,All-Rounder,,3000000,,FALSE,
2018,Kolkata Knight Riders,Apoorv Vijay Wankhade,Batsman,,2000000,,FALSE,
2018,Kolkata Knight Riders,Ishank Jaggi,Batsman,,2000000,,FALSE,
2018,Mumbai Indians,Krunal Pandya,All-Rounder,,88000000,,FALSE,
2018,Mumbai Indians,Ishan Kishan,Wicket Keeper,,62000000,,FALSE,
2018,Mumbai Indians,Kieron Pollard,All-Rounder,,54000000,,FALSE,
2018,Mumbai Indians,Pat Cummins,Bowler,,54000000,,FALSE,
2018,Mumbai Indians,Evin Lewis,Batsman,,38000000,,FALSE,
2018,Mumbai Indians,Suryakumar Yadav,Batsman,,32000000,,FALSE,
2018,Mumbai Indians,Ben Cutting,All-Rounder,,22000000,,FALSE,
2018,Mumbai Indians,Mustafizur Rahman,Bowler,,22000000,,FALSE,
2018,Mumbai Indians,Rahul Chahar,Bowler,,19000000,,FALSE,
2018,Mumbai Indians,Pradeep Sangwan,Bowler,,15000000,,FALSE,
2018,Mumbai Indians,Jason Behrendorff,Bowler,,15000000,,FALSE,
2018,Mumbai Indians,Jean-Paul Duminy,All-Rounder,,10000000,,FALSE,
2018,Mumbai Indians,Saurabh Tiwary,Batsman,,8000000,,FALSE,
2018,Mumbai Indians,Tajinder Dhillon,All-Rounder,,5500000,,FALSE,
2018,Mumbai Indians,Akila Dhananjaya,Bowler,,5000000,,FALSE,
2018,Mumbai Indians,Nidheesh M D Dinesan,Bowler,,2000000,,FALSE,
2018,Mumbai Indians,Aditya Tare,Wicket Keeper,,2000000,,FALSE,
2018,Mumbai Indians,Siddhesh Dinesh Lad,Batsman,,2000000,,FALSE,
2018,Mumbai Indians,Mayank Markande,Bowler,,2000000,,FALSE,
2018,Mumbai Indians,Sharad Lumba,Batsman,,2000000,,FALSE,
2018,Mumbai Indians,Anukul Roy,All-Rounder,,2000000,,FALSE,
2018,Mumbai Indians,Mohsin Khan,Bowler,,2000000,,FALSE,
2018,Rajasthan Royals,Benjamin Stokes,All-Rounder,,125000000,,FALSE,
2018,Rajasthan Royals,Jaydev Unadkat,Bowler,,115000000,,FALSE,
2018,Rajasthan Royals,Sanju Samson,Wicket Keeper,,80000000,,FALSE,
2018,Rajasthan Royals,Jofra Archer,All-Rounder,,72000000,,FALSE,
2018,Rajasthan Royals,Krishnappa Gowtham,Bowler,,62000000,,FALSE,
2018,Rajasthan Royals,Jos Buttler,Wicket Keeper,,44000000,,FALSE,
2018,Rajasthan Royals,Ajinkya Rahane,Batsman,,40000000,,FALSE,
2018,Rajasthan Royals,Darcy Short,All-Rounder,,40000000,,FALSE,
2018,Rajasthan Royals,Rahul Tripathi,Batsman,,34000000,,FALSE,
2018,Rajasthan Royals,Dhawal Kulkarni,Bowler,,7500000,,FALSE,
2018,Rajasthan Royals,Zahir Khan Pakteen,Bowler,,6000000,,FALSE,
2018,Rajasthan Royals,Ben Laughlin,Bowler,,5000000,,FALSE,
2018,Rajasthan Royals,Stuart Binny,All-Rounder,,5000000,,FALSE,
2018,Rajasthan Royals,Dushmantha Chameera,Bowler,,5000000,,FALSE,
2018,Rajasthan Royals,Anureet Singh,Bowler,,3000000,,FALSE,
2018,Rajasthan Royals,Aryaman Vikram Birla,All-Rounder,,3000000,,FALSE,
2018,Rajasthan Royals,Midhun S,All-Rounder,,2000000,,FALSE,
2018,Rajasthan Royals,Shreyas Gopal,All-Rounder,,2000000,,FALSE,
2018,Rajasthan Royals,Prashant Chopra,Wicket Keeper,,2000000,,FALSE,
2018,Rajasthan Royals,Jatin Saxena,All-Rounder,,2000000,,FALSE,
2018,Rajasthan Royals,Ankit Sharma,All-Rounder,,2000000,,FALSE,
2018,Rajasthan Royals,Mahipal Lomror,All-Rounder,,2000000,,FALSE,
2018,Royal Challengers Bengaluru,Chris Woakes,All-Rounder,,74000000,,FALSE,
2018,Royal Challengers Bengaluru,Yuzvendra Singh Chahal,Bowler,,60000000,,FALSE,
2018,Royal Challengers Bengaluru,Umesh Yadav,Bowler,,42000000,,FALSE,
2018,Royal Challengers Bengaluru,Brendon McCullum,Batsman,,36000000,,FALSE,
2018,Royal Challengers Bengaluru,M.S. Washington Sundar,All-Rounder,,32000000,,FALSE,
2018,Royal Challengers Bengaluru,Navdeep Saini,Bowler,,30000000,,FALSE,
2018,Royal Challengers Bengaluru,Quinton De Kock,Wicket Keeper,,28000000,,FALSE,
2018,Royal Challengers Bengaluru,Mohammed Siraj,Bowler,,26000000,,FALSE,
2018,Royal Challengers Bengaluru,Nathan Coulter-Nile,Bowler,,22000000,,FALSE,
2018,Royal Challengers Bengaluru,Colin De Grandhomme,All-Rounder,,22000000,,FALSE,
2018,Royal Challengers Bengaluru,M. Ashwin,Bowler,,22000000,,FALSE,
2018,Royal Challengers Bengaluru,Parthiv Patel,Wicket Keeper,,17000000,,FALSE,
2018,Royal Challengers Bengaluru,Moeen Ali,All-Rounder,,17000000,,FALSE,
2018,Royal Challengers Bengaluru,Mandeep Singh,All-Rounder,,14000000,,FALSE,
2018,Royal Challengers Bengaluru,Manan Vohra,Batsman,,11000000,,FALSE,
2018,Royal Challengers Bengaluru,Pawan Negi,All-Rounder,,10000000,,FALSE,
2018,Royal Challengers Bengaluru,Tim Southee,Bowler,,10000000,,FALSE,
2018,Royal Challengers Bengaluru,Kulwant Khejroliya,Bowler,,8500000,,FALSE,
2018,Royal Challengers Bengaluru,Aniket Choudhary,Bowler,,3000000,,FALSE,
2018,Royal Challengers Bengaluru,Pavan Deshpande,All-Rounder,,2000000,,FALSE,
2018,Royal Challengers Bengaluru,Anirudha Ashok Joshi,All-Rounder,,2000000,,FALSE,
2018,Sunrisers Hyderabad,Manish Pandey,Batsman,,110000000,,FALSE,
2018,Sunrisers Hyderabad,Rashid Khan Arman,Bowler,,90000000,,FALSE,
2018,Sunrisers Hyderabad,Shikhar Dhawan,Batsman,,52000000,,FALSE,
2018,Sunrisers Hyderabad,Wriddhiman Saha,Wicket Keeper,,50000000,,FALSE,
2018,Sunrisers Hyderabad,Siddarth Kaul,Bowler,,38000000,,FALSE,
2018,Sunrisers Hyderabad,Deepak Hooda,All-Rounder,,36000000,,FALSE,
2018,Sunrisers Hyderabad,Syed Khaleel Ahmed,Bowler,,30000000,,FALSE,
2018,Sunrisers Hyderabad,Sandeep Sharma,Bowler,,30000000,,FALSE,
2018,Sunrisers Hyderabad,Kane Williamson,Batsman,,30000000,,FALSE,
2018,Sunrisers Hyderabad,Carlos Brathwaite,All-Rounder,,20000000,,FALSE,
2018,Sunrisers Hyderabad,Shakib Al Hasan,All-Rounder,,20000000,,FALSE,
2018,Sunrisers Hyderabad,Yusuf Pathan,All-Rounder,,19000000,,FALSE,
2018,Sunrisers Hyderabad,Shreevats Goswami,Wicket Keeper,,10000000,,FALSE,
2018,Sunrisers Hyderabad,Mohammad Nabi,All-Rounder,,10000000,,FALSE,
2018,Sunrisers Hyderabad,Chris Jordan,All-Rounder,,10000000,,FALSE,
2018,Sunrisers Hyderabad,Basil Thampi,Bowler,,9500000,,FALSE,
2018,Sunrisers Hyderabad,Billy Stanlake,Batsman,,5000000,,FALSE,
2018,Sunrisers Hyderabad,T Natarajan,Bowler,,4000000,,FALSE,
2018,Sunrisers Hyderabad,Sachin Baby,Batsman,,2000000,,FALSE,
2018,Sunrisers Hyderabad,Bipul Sharma,All-Rounder,,2000000,,FALSE,
2018,Sunrisers Hyderabad,Syed Mehdi Hasan,All-Rounder,,2000000,,FALSE,
2018,Sunrisers Hyderabad,Ricky Bhui,Batsman,,2000000,,FALSE,
2018,Sunrisers Hyderabad,Tanmay Agarwal,Batsman,,2000000,,FALSE,
2019,Chennai Super Kings,Mohit Sharma,Bowler,,50000000,,FALSE,
2019,Chennai Super Kings,Ruturaj Gaikwad,Batsman,,2000000,,FALSE,
2019,Delhi Capitals,Colin Ingram,Batsman,,64000000,,FALSE,
2019,Delhi Capitals,Axar Rajesh Patel,All-Rounder,,50000000,,FALSE,
2019,Delhi Capitals,Hanuma Vihari,Batsman,,20000000,,FALSE,
2019,Delhi Capitals,Sherfane Rutherford,All-Rounder,,20000000,,FALSE,
2019,Delhi Capitals,Ishant Sharma,Bowler,,11000000,,FALSE,
2019,Delhi Capitals,Keemo Paul,All-Rounder,,5000000,,FALSE,
2019,Delhi Capitals,Jalaj Saxena,All-Rounder,,2000000,,FALSE,
2019,Delhi Capitals,Ankush Bains,Wicket Keeper,,2000000,,FALSE,
2019,Delhi Capitals,Nathu Singh,Bowler,,2000000,,FALSE,
2019,Delhi Capitals,Bandaru Ayyappa,Bowler,,2000000,,FALSE,
2019,Kings XI Punjab,Varun Chakaravarthy,All-Rounder,,84000000,,FALSE,
2019,Kings XI Punjab,Sam Curran,All-Rounder,,72000000,,FALSE,
2019,Kings XI Punjab,Mohammad Shami,Bowler,,48000000,,FALSE,
2019,Kings XI Punjab,Prabhsimran Singh,Wicket Keeper,,48000000,,FALSE,
2019,Kings XI Punjab,Nicolas Pooran,Wicket Keeper,,42000000,,FALSE,
2019,Kings XI Punjab,Moises Henriques,All-Rounder,,10000000,,FALSE,
2019,Kings XI Punjab,Hardus Viljoen,Bowler,,7500000,,FALSE,
2019,Kings XI Punjab,Darshan Nalkande,All-Rounder,,3000000,,FALSE,
2019,Kings XI Punjab,Sarfaraz Naushad Khan,All-Rounder,,2500000,,FALSE,
2019,Kings XI Punjab,Arshdeep Singh,Bowler,,2000000,,FALSE,
2019,Kings XI Punjab,Agnivesh Ayachi,All-Rounder,,2000000,,FALSE,
2019,Kings XI Punjab,Harpreet Brar,All-Rounder,,2000000,,FALSE,
2019,Kings XI Punjab,M. Ashwin,Bowler,,2000000,,FALSE,
2019,Kolkata Knight Riders,Carlos Brathwaite,All-Rounder,,50000000,,FALSE,
2019,Kolkata Knight Riders,Lockie Ferguson,Bowler,,16000000,,FALSE,
2019,Kolkata Knight Riders,Joe Denly,Batsman,,10000000,,FALSE,
2019,Kolkata Knight Riders,Harry Gurney,Bowler,,7500000,,FALSE,
2019,Kolkata Knight Riders,Nikhil Shankar Naik,Wicket Keeper,,2000000,,FALSE,
2019,Kolkata Knight Riders,Shrikant Mundhe,All-Rounder,,2000000,,FALSE,
2019,Kolkata Knight Riders,Prithvi Raj Yarra,Bowler,,2000000,,FALSE,
2019,Kolkata Knight Riders,Anrich Nortje,Bowler,,2000000,,FALSE,
2019,Mumbai Indians,Barinder Singh Sran,Bowler,,34000000,,FALSE,
2019,Mumbai Indians,Lasith Malinga,Bowler,,20000000,,FALSE,
2019,Mumbai Indians,Yuvraj Singh,All-Rounder,,10000000,,FALSE,
2019,Mumbai Indians,Anmolpreet Singh,Batsman,,8000000,,FALSE,
2019,Mumbai Indians,Pankaj Jaswal,All-Rounder,,2000000,,FALSE,
2019,Mumbai Indians,Rasikh Dar,Bowler,,2000000,,FALSE,
2019,Rajasthan Royals,Jaydev Unadkat,Bowler,,84000000,,FALSE,
2019,Rajasthan Royals,Varun Aaron,Bowler,,24000000,,FALSE,
2019,Rajasthan Royals,Oshane Thomas,Bowler,,11000000,,FALSE,
2019,Rajasthan Royals,Ashton Turner,All-Rounder,,5000000,,FALSE,
2019,Rajasthan Royals,Liam Livingstone,All-Rounder,,5000000,,FALSE,
2019,Rajasthan Royals,Shashank Singh,All-Rounder,,3000000,,FALSE,
2019,Rajasthan Royals,Riyan Parag,All-Rounder,,2000000,,FALSE,
2019,Rajasthan Royals,Manan Vohra,Batsman,,2000000,,FALSE,
2019,Rajasthan Royals,Shubham Ranjane,All-Rounder,,2000000,,FALSE,
2019,Royal Challengers Bengaluru,Shivam Dube,All-Rounder,,50000000,,FALSE,
2019,Royal Challengers Bengaluru,Shimron Hetmyer,Batsman,,42000000,,FALSE,
2019,Royal Challengers Bengaluru,Akshdeep Nath,All-Rounder,,36000000,,FALSE,
2019,Royal Challengers Bengaluru,Prayas Ray Barman,All-Rounder,,15000000,,FALSE,
2019,Royal Challengers Bengaluru,Himmat Singh,Batsman,,6500000,,FALSE,
2019,Royal Challengers Bengaluru,Gurkeerat Singh Mann,All-Rounder,,5000000,,FALSE,
2019,Royal Challengers Bengaluru,Heinrich Klaasen,Wicket Keeper,,5000000,,FALSE,
2019,Royal Challengers Bengaluru,Devdutt Padikkal,Batsman,,2000000,,FALSE,
2019,Royal Challengers Bengaluru,Milind Kumar,All-Rounder,,2000000,,FALSE,
2019,Sunrisers Hyderabad,Jonny Bairstow,Wicket Keeper,,22000000,,FALSE,
2019,Sunrisers Hyderabad,Wriddhiman Saha,Wicket Keeper,,12000000,,FALSE,
2019,Sunrisers Hyderabad,Martin Guptill,Batsman,,10000000,,FALSE,
2020,Chennai Super Kings,Piyush Chawla,Bowler,,67500000,,FALSE,
2020,Chennai Super Kings,Sam Curran,All-Rounder,,55000000,,FALSE,
2020,Chennai Super Kings,Josh Hazlewood,Bowler,,20000000,,FALSE,
2020,Chennai Super Kings,R. Sai Kishore,Bowler,,2000000,,FALSE,
2020,Delhi Capitals,Shimron Hetmyer,Batsman,,77500000,,FALSE,
2020,Delhi Capitals,Marcus Stoinis,All-Rounder,,48000000,,FALSE,
2020,Delhi Capitals,Alex Carey,Wicket Keeper,,24000000,,FALSE,
2020,Delhi Capitals,Jason Roy,Batsman,,15000000,,FALSE,
2020,Delhi Capitals,Chris Woakes,All-Rounder,,15000000,,FALSE,
2020,Delhi Capitals,Mohit Sharma,Bowler,,5000000,,FALSE,
2020,Delhi Capitals,Tushar Deshpande,Bowler,,2000000,,FALSE,
2020,Delhi Capitals,Lalit Yadav,All-Rounder,,2000000,,FALSE,
2020,Kings XI Punjab,Glenn Maxwell,All-Rounder,,107500000,,FALSE,
2020,Kings XI Punjab,Sheldon Cottrell,Bowler,,85000000,,FALSE,
2020,Kings XI Punjab,Chris Jordan,All-Rounder,,30000000,,FALSE,
2020,Kings XI Punjab,Ravi Bishnoi,Bowler,,20000000,,FALSE,
2020,Kings XI Punjab,Prabhsimran Singh,Wicket Keeper,,5500000,,FALSE,
2020,Kings XI Punjab,Deepak Hooda,All-Rounder,,5000000,,FALSE,
2020,Kings XI Punjab,James Neesham,All-Rounder,,5000000,,FALSE,
2020,Kings XI Punjab,Tajinder Dhillon,All-Rounder,,2000000,,FALSE,
2020,Kings XI Punjab,Ishan Porel,Bowler,,2000000,,FALSE,
2020,Kolkata Knight Riders,Pat Cummins,All-Rounder,,155000000,,FALSE,
2020,Kolkata Knight Riders,Eoin Morgan,Batsman,,52500000,,FALSE,
2020,Kolkata Knight Riders,Varun Chakaravarthy,All-Rounder,,40000000,,FALSE,
2020,Kolkata Knight Riders,Tom Banton,Batsman,,10000000,,FALSE,
2020,Kolkata Knight Riders,Rahul Tripathi,Batsman,,6000000,,FALSE,
2020,Kolkata Knight Riders,Chris Green,All-Rounder,,2000000,,FALSE,
2020,Kolkata Knight Riders,Nikhil Shankar Naik,Wicket Keeper,,2000000,,FALSE,
2020,Kolkata Knight Riders,Pravin Tambe,Bowler,,2000000,,FALSE,
2020,Kolkata Knight Riders,M Siddharth,Bowler,,2000000,,FALSE,
2020,Mumbai Indians,Nathan Coulter-Nile,Bowler,,80000000,,FALSE,
2020,Mumbai Indians,Chris Lynn,Batsman,,20000000,,FALSE,
2020,Mumbai Indians,Saurabh Tiwary,Batsman,,5000000,,FALSE,
2020,Mumbai Indians,Digvijay Deshmukh,All-Rounder,,2000000,,FALSE,
2020,Mumbai Indians,Prince Balwant Rai Singh,All-Rounder,,2000000,,FALSE,
2020,Mumbai Indians,Mohsin Khan,Bowler,,2000000,,FALSE,
2020,Rajasthan Royals,Robin Uthappa,Batsman,,30000000,,FALSE,
2020,Rajasthan Royals,Jaydev Unadkat,Bowler,,30000000,,FALSE,
2020,Rajasthan Royals,Yashasvi Jaiswal,All-Rounder,,24000000,,FALSE,
2020,Rajasthan Royals,Kartik Tyagi,Bowler,,13000000,,FALSE,
2020,Rajasthan Royals,Tom Curran,All-Rounder,,10000000,,FALSE,
2020,Rajasthan Royals,Andrew Tye,Bowler,,10000000,,FALSE,
2020,Rajasthan Royals,Anuj Rawat,Wicket Keeper,,8000000,,FALSE,
2020,Rajasthan Royals,David Miller,Batsman,,7500000,,FALSE,
2020,Rajasthan Royals,Oshane Thomas,Bowler,,5000000,,FALSE,
2020,Rajasthan Royals,Anirudha Ashok Joshi,All-Rounder,,2000000,,FALSE,
2020,Rajasthan Royals,Akash Singh,Bowler,,2000000,,FALSE,
2020,Royal Challengers Bengaluru,Christopher Morris,All-Rounder,,100000000,,FALSE,
2020,Royal Challengers Bengaluru,Aaron Finch,Batsman,,44000000,,FALSE,
2020,Royal Challengers Bengaluru,Kane Richardson,Bowler,,40000000,,FALSE,
2020,Royal Challengers Bengaluru,Dale Steyn,Bowler,,20000000,,FALSE,
2020,Royal Challengers Bengaluru,Isuru Udana,All-Rounder,,5000000,,FALSE,
2020,Royal Challengers Bengaluru,Shahbaz Ahamad,Wicket Keeper,,2000000,,FALSE,
2020,Royal Challengers Bengaluru,Joshua Philippe,Wicket Keeper,,2000000,,FALSE,
2020,Royal Challengers Bengaluru,Pavan Deshpande,All-Rounder,,2000000,,FALSE,
2020,Sunrisers Hyderabad,Mitchell Marsh,All-Rounder,,20000000,,FALSE,
2020,Sunrisers Hyderabad,Priyam Garg,Batsman,,19000000,,FALSE,
2020,Sunrisers Hyderabad,Virat Singh,Batsman,,19000000,,FALSE,
2020,Sunrisers Hyderabad,Fabian Allen,All-Rounder,,5000000,,FALSE,
2020,Sunrisers Hyderabad,Sandeep Bavanaka,All-Rounder,,2000000,,FALSE,
2020,Sunrisers Hyderabad,Sanjay Yadav,All-Rounder,,2000000,,FALSE,
2020,Sunrisers Hyderabad,Abdul Samad,All-Rounder,,2000000,,FALSE,
2021,Chennai Super Kings,Krishnappa Gowtham,All-Rounder,,92500000,,FALSE,
2021,Chennai Super Kings,Moeen Ali,All-Rounder,,70000000,,FALSE,
2021,Chennai Super Kings,Cheteshwar Pujara,Batsman,,5000000,,FALSE,
2021,Chennai Super Kings,K.Bhagath Varma,All-Rounder,,2000000,,FALSE,
2021,Chennai Super Kings,C Hari Nishaanth,Batsman,,2000000,,FALSE,
2021,Chennai Super Kings,M. Harisankar Reddy,Bowler,,2000000,,FALSE,
2021,Delhi Capitals,Tom Curran,All-Rounder,,52500000,,FALSE,
2021,Delhi Capitals,Steven Smith,Batsman,,22000000,,FALSE,
2021,Delhi Capitals,Sam Billings,Wicket Keeper,,20000000,,FALSE,
2021,Delhi Capitals,Umesh Yadav,Bowler,,10000000,,FALSE,
2021,Delhi Capitals,Ripal Patel,All-Rounder,,2000000,,FALSE,
2021,Delhi Capitals,Vishnu Vinod,Wicket Keeper,,2000000,,FALSE,
2021,Delhi Capitals,Lukman Hussain Meriwala,Bowler,,2000000,,FALSE,
2021,Delhi Capitals,M Siddharth,Bowler,,2000000,,FALSE,
2021,Kolkata Knight Riders,Shakib Al Hasan,All-Rounder,,32000000,,FALSE,
2021,Kolkata Knight Riders,Harbhajan Singh,Bowler,,20000000,,FALSE,
2021,Kolkata Knight Riders,Ben Cutting,All-Rounder,,7500000,,FALSE,
2021,Kolkata Knight Riders,Karun Nair,Batsman,,5000000,,FALSE,
2021,Kolkata Knight Riders,Pawan Negi,All-Rounder,,5000000,,FALSE,
2021,Kolkata Knight Riders,Venkatesh Iyer,All-Rounder,,2000000,,FALSE,
2021,Kolkata Knight Riders,Sheldon Jackson,Wicket Keeper,,2000000,,FALSE,
2021,Kolkata Knight Riders,Vaibhav Arora,Bowler,,2000000,,FALSE,
2021,Mumbai Indians,Nathan Coulter-Nile,Bowler,,50000000,,FALSE,
2021,Mumbai Indians,Adam Milne,Bowler,,32000000,,FALSE,
2021,Mumbai Indians,Piyush Chawla,Bowler,,24000000,,FALSE,
2021,Mumbai Indians,James Neesham,All-Rounder,,5000000,,FALSE,
2021,Mumbai Indians,Yudhvir Charak,All-Rounder,,2000000,,FALSE,
2021,Mumbai Indians,Marco Jansen,All-Rounder,,2000000,,FALSE,
2021,Mumbai Indians,Arjun Tendulkar,All-Rounder,,2000000,,FALSE,
2021,Punjab Kings,Jhye Richardson,Bowler,,140000000,,FALSE,
2021,Punjab Kings,Riley Meredith,Bowler,,80000000,,FALSE,
2021,Punjab Kings,Shahrukh Khan,All-Rounder,,52500000,,FALSE,
2021,Punjab Kings,Moises Henriques,All-Rounder,,42000000,,FALSE,
2021,Punjab Kings,Dawid Malan,All-Rounder,,15000000,,FALSE,
2021,Punjab Kings,Fabian Allen,All-Rounder,,7500000,,FALSE,
2021,Punjab Kings,Jalaj Saxena,All-Rounder,,3000000,,FALSE,
2021,Punjab Kings,Saurabh Kumar,All-Rounder,,2000000,,FALSE,
2021,Punjab Kings,Utkarsh Singh,All-Rounder,,2000000,,FALSE,
2021,Rajasthan Royals,Christopher Morris,All-Rounder,,162500000,,FALSE,
2021,Rajasthan Royals,Shivam Dube,All-Rounder,,44000000,,FALSE,
2021,Rajasthan Royals,Chetan Sakariya,Bowler,,12000000,,FALSE,
2021,Rajasthan Royals,Mustafizur Rahman,Bowler,,10000000,,FALSE,
2021,Rajasthan Royals,Liam Livingstone,All-Rounder,,7500000,,FALSE,
2021,Rajasthan Royals,K.C Cariappa,Bowler,,2000000,,FALSE,
2021,Rajasthan Royals,Akash Singh,Bowler,,2000000,,FALSE,
2021,Rajasthan Royals,Kuldip Yadav,Bowler,,2000000,,FALSE,
2021,Royal Challengers Bengaluru,Kyle Jamieson,All-Rounder,,150000000,,FALSE,
2021,Royal Challengers Bengaluru,Glenn Maxwell,All-Rounder,,142500000,,FALSE,
2021,Royal Challengers Bengaluru,Dan Christian,All-Rounder,,48000000,,FALSE,
2021,Royal Challengers Bengaluru,Sachin Baby,Batsman,,2000000,,FALSE,
2021,Royal Challengers Bengaluru,Rajat Patidar,Batsman,,2000000,,FALSE,
2021,Royal Challengers Bengaluru,Mohammed Azharudeen,Wicket Keeper,,2000000,,FALSE,
2021,Royal Challengers Bengaluru,Suyash Prabhudesai,All-Rounder,,2000000,,FALSE,
2021,Royal Challengers Bengaluru,Kona Srikar Bharat,Wicket Keeper,,2000000,,FALSE,
2021,Sunrisers Hyderabad,Kedar Jadhav,All-Rounder,,20000000,,FALSE,
2021,Sunrisers Hyderabad,Mujeeb Zadran,Bowler,,15000000,,FALSE,
2021,Sunrisers Hyderabad,J Suchith,Bowler,,3000000,,FALSE,
2022,Chennai Super Kings,Robin Uthappa,Batsman,,20000000,Indian,FALSE,
2022,Chennai Super Kings,Dwayne Bravo,All-Rounder,,44000000,Overseas,FALSE,
2022,Chennai Super Kings,Ambati Rayudu,Wicket Keeper,,67500000,Indian,FALSE,
2022,Chennai Super Kings,Deepak Chahar,Bowler,,140000000,Indian,FALSE,
2022,Chennai Super Kings,C.Hari Nishaanth,Batsman,,2000000,Indian,FALSE,
2022,Chennai Super Kings,N. Jagadeesan,Wicket Keeper,,2000000,Indian,FALSE,
2022,Chennai Super Kings,K.M. Asif,Bowler,,2000000,Indian,FALSE,
2022,Chennai Super Kings,Tushar Deshpande,Bowler,,2000000,Indian,FALSE,
2022,Chennai Super Kings,Shivam Dube,All-Rounder,,40000000,Indian,FALSE,
2022,Chennai Super Kings,Chris Jordan,All-Rounder,,36000000,Overseas,FALSE,
2022,Chennai Super Kings,Maheesh Theekshana,Bowler,,7000000,Overseas,FALSE,
2022,Chennai Super Kings,Rajvardhan Hangargekar,All-Rounder,,15000000,Indian,FALSE,
2022,Chennai Super Kings,Simarjeet Singh,Bowler,,2000000,Indian,FALSE,
2022,Chennai Super Kings,Devon Conway,Batsman,,10000000,Overseas,FALSE,
2022,Chennai Super Kings,Dwaine Pretorius,All-Rounder,,5000000,Overseas,FALSE,
2022,Chennai Super Kings,Mitchell Santner,All-Rounder,,19000000,Overseas,FALSE,
2022,Chennai Super Kings,Adam Milne,Bowler,,19000000,Overseas,FALSE,
2022,Chennai Super Kings,Subhranshu Senapati,Batsman,,2000000,Indian,FALSE,
2022,Chennai Super Kings,Mukesh Choudhary,Bowler,,2000000,Indian,FALSE,
2022,Chennai Super Kings,Prashant Solanki,Bowler,,12000000,Indian,FALSE,
2022,Chennai Super Kings,K.Bhagath Varma,All-Rounder,,2000000,Indian,FALSE,
2022,Delhi Capitals,David Warner,Batsman,,62500000,Overseas,FALSE,
2022,Delhi Capitals,Mitchell Marsh,All-Rounder,,65000000,Overseas,FALSE,
2022,Delhi Capitals,Mustafizur Rahman,Bowler,,20000000,Overseas,FALSE,
2022,Delhi Capitals,Shardul Thakur,Bowler,,107500000,Indian,FALSE,
2022,Delhi Capitals,Kuldeep Yadav,Bowler,,20000000,Indian,FALSE,
2022,Delhi Capitals,Ashwin Hebbar,Batsman,,2000000,Indian,FALSE,
2022,Delhi Capitals,Sarfaraz Khan,All-Rounder,,2000000,Indian,FALSE,
2022,Delhi Capitals,Kamlesh Nagarkoti,All-Rounder,,11000000,Indian,FALSE,
2022,Delhi Capitals,K.S. Bharat,Wicket Keeper,,20000000,Indian,FALSE,
2022,Delhi Capitals,Mandeep Singh,Batsman,,11000000,Indian,FALSE,
2022,Delhi Capitals,Syed Khaleel Ahmed,Bowler,,52500000,Indian,FALSE,
2022,Delhi Capitals,Lungisani Ngidi,Bowler,,5000000,Overseas,FALSE,
2022,Delhi Capitals,Chetan Sakariya,Bowler,,42000000,Indian,FALSE,
2022,Delhi Capitals,Yash Dhull,All-Rounder,,5000000,Indian,FALSE,
2022,Delhi Capitals,Vicky Ostwal,All-Rounder,,2000000,Indian,FALSE,
2022,Delhi Capitals,Ripal Patel,All-Rounder,,2000000,Indian,FALSE,
2022,Delhi Capitals,Lalit Yadav,All-Rounder,,6500000,Indian,FALSE,
2022,Delhi Capitals,Rovman Powell,Batsman,,28000000,Overseas,FALSE,
2022,Delhi Capitals,Tim Seifert,Wicket Keeper,,5000000,Overseas,FALSE,
2022,Delhi Capitals,Pravin Dubey,All-Rounder,,5000000,Indian,FALSE,
2022,Gujarat Titans,Mohammad Shami,Bowler,,62500000,Indian,FALSE,
2022,Gujarat Titans,David Miller,Batsman,,30000000,Overseas,FALSE,
2022,Gujarat Titans,Jason Roy,Batsman,,20000000,Overseas,FALSE,
2022,Gujarat Titans,Wriddhiman  Saha,Wicket Keeper,,19000000,Indian,FALSE,
2022,Gujarat Titans,Matthew Wade,Wicket Keeper,,24000000,Overseas,FALSE,
2022,Gujarat Titans,Lockie Ferguson,Bowler,,100000000,Overseas,FALSE,
2022,Gujarat Titans,Abhinav Sadarangani,Batsman,,26000000,Indian,FALSE,
2022,Gujarat Titans,Rahul Tewatia,All-Rounder,,90000000,Indian,FALSE,
2022,Gujarat Titans,Noor  Ahmad,Bowler,,3000000,Overseas,FALSE,
2022,Gujarat Titans,R. Sai Kishore,Bowler,,30000000,Indian,FALSE,
2022,Gujarat Titans,Dominic Drakes,All-Rounder,,11000000,Overseas,FALSE,
2022,Gujarat Titans,Vijay Shankar,All-Rounder,,14000000,Indian,FALSE,
2022,Gujarat Titans,Jayant Yadav,All-Rounder,,17000000,Indian,FALSE,
2022,Gujarat Titans,Darshan Nalkande,All-Rounder,,2000000,Indian,FALSE,
2022,Gujarat Titans,Yash  Dayal,Bowler,,32000000,Indian,FALSE,
2022,Gujarat Titans,B. Sai Sudharsan,All-Rounder,,2000000,Indian,FALSE,
2022,Gujarat Titans,Gurkeerat Singh,All-Rounder,,5000000,Indian,FALSE,
2022,Gujarat Titans,Alzarri Joseph,Bowler,,24000000,Overseas,FALSE,
2022,Gujarat Titans,Varun Aaron,Bowler,,5000000,Indian,FALSE,
2022,Gujarat Titans,Pradeep Sangwan,All-Rounder,,2000000,Indian,FALSE,
2022,Kolkata Knight Riders,Pat Cummins,All-Rounder,,72500000,Overseas,FALSE,
2022,Kolkata Knight Riders,Shreyas Iyer,Batsman,,122500000,Indian,FALSE,
2022,Kolkata Knight Riders,Mohammad  Nabi,All-Rounder,,10000000,Overseas,FALSE,
2022,Kolkata Knight Riders,Nitish Rana,All-Rounder,,80000000,Indian,FALSE,
2022,Kolkata Knight Riders,Sam Billings,Wicket Keeper,,20000000,Overseas,FALSE,
2022,Kolkata Knight Riders,Umesh Yadav,Bowler,,20000000,Indian,FALSE,
2022,Kolkata Knight Riders,Shivam  Mavi,All-Rounder,,72500000,Indian,FALSE,
2022,Kolkata Knight Riders,Sheldon Jackson,Wicket Keeper,,6000000,Indian,FALSE,
2022,Kolkata Knight Riders,Ajinkya Rahane,Batsman,,10000000,Indian,FALSE,
2022,Kolkata Knight Riders,Rinku Singh,Batsman,,5500000,Indian,FALSE,
2022,Kolkata Knight Riders,Anukul Roy,All-Rounder,,2000000,Indian,FALSE,
2022,Kolkata Knight Riders,Alex Hales,Batsman,,15000000,Overseas,FALSE,
2022,Kolkata Knight Riders,Rasikh Dar,Bowler,,2000000,Indian,FALSE,
2022,Kolkata Knight Riders,Tim Southee,Bowler,,15000000,Overseas,FALSE,
2022,Kolkata Knight Riders,Baba Indrajith,Wicket Keeper,,2000000,Indian,FALSE,
2022,Kolkata Knight Riders,Chamika Karunaratne,All-Rounder,,5000000,Overseas,FALSE,
2022,Kolkata Knight Riders,Abhijeet Tomar,Batsman,,4000000,Indian,FALSE,
2022,Kolkata Knight Riders,Aman Khan,All-Rounder,,2000000,Indian,FALSE,
2022,Kolkata Knight Riders,Ramesh Kumar,Batsman,,2000000,Indian,FALSE,
2022,Kolkata Knight Riders,Pratham Singh,Batsman,,2000000,Indian,FALSE,
2022,Kolkata Knight Riders,Ashok Sharma,Bowler,,5500000,Indian,FALSE,
2022,Lucknow Super Giants,Quinton De Kock,Wicket Keeper,,67500000,Overseas,FALSE,
2022,Lucknow Super Giants,Manish Pandey,Batsman,,46000000,Indian,FALSE,
2022,Lucknow Super Giants,Krunal Pandya,All-Rounder,,82500000,Indian,FALSE,
2022,Lucknow Super Giants,Mark Wood,Bowler,,75000000,Overseas,FALSE,
2022,Lucknow Super Giants,Avesh Khan,Bowler,,100000000,Indian,FALSE,
2022,Lucknow Super Giants,Ankit Singh Rajpoot,Bowler,,5000000,Indian,FALSE,
2022,Lucknow Super Giants,K. Gowtham,All-Rounder,,9000000,Indian,FALSE,
2022,Lucknow Super Giants,Dushmanta Chameera,Bowler,,20000000,Overseas,FALSE,
2022,Lucknow Super Giants,Shahbaz Nadeem,Bowler,,5000000,Indian,FALSE,
2022,Lucknow Super Giants,Manan Vohra,Batsman,,2000000,Indian,FALSE,
2022,Lucknow Super Giants,Evin Lewis,Batsman,,20000000,Overseas,FALSE,
2022,Lucknow Super Giants,Mohsin Khan,Bowler,,2000000,Indian,FALSE,
2022,Lucknow Super Giants,Mayank Yadav,Bowler,,2000000,Indian,FALSE,
2022,Lucknow Super Giants,Ayush Badoni,All-Rounder,,2000000,Indian,FALSE,
2022,Lucknow Super Giants,Kyle Mayers,All-Rounder,,5000000,Overseas,FALSE,
2022,Lucknow Super Giants,Karan Sharma,All-Rounder,,2000000,Indian,FALSE,
2022,Lucknow Super Giants,Jason Holder,All-Rounder,,87500000,Overseas,FALSE,
2022,Lucknow Super Giants,Deepak Hooda,All-Rounder,,57500000,Indian,FALSE,
2022,Mumbai Indians,Ishan Kishan,Wicket Keeper,,152500000,Indian,FALSE,
2022,Mumbai Indians,Dewald Brevis,Batsman,,30000000,Overseas,FALSE,
2022,Mumbai Indians,Anmolpreet Singh,Batsman,,2000000,Indian,FALSE,
2022,Mumbai Indians,Basil Thampi,Bowler,,3000000,Indian,FALSE,
2022,Mumbai Indians,Murugan Ashwin,Bowler,,16000000,Indian,FALSE,
2022,Mumbai Indians,Jaydev Unadkat,Bowler,,13000000,Indian,FALSE,
2022,Mumbai Indians,Mayank Markande,Bowler,,6500000,Indian,FALSE,
2022,Mumbai Indians,N. Tilak Varma,All-Rounder,,17000000,Indian,FALSE,
2022,Mumbai Indians,Sanjay Yadav,All-Rounder,,5000000,Indian,FALSE,
2022,Mumbai Indians,Jofra Archer,All-Rounder,,80000000,Overseas,FALSE,
2022,Mumbai Indians,Daniel Sams,All-Rounder,,26000000,Overseas,FALSE,
2022,Mumbai Indians,Tymal Mills,Bowler,,15000000,Overseas,FALSE,
2022,Mumbai Indians,Tim David,All-Rounder,,82500000,Overseas,FALSE,
2022,Mumbai Indians,Ramandeep  Singh,All-Rounder,,2000000,Indian,FALSE,
2022,Mumbai Indians,Aryan Juyal,Wicket Keeper,,2000000,Indian,FALSE,
2022,Mumbai Indians,Fabian Allen,All-Rounder,,7500000,Overseas,FALSE,
2022,Mumbai Indians,Riley Meredith,Bowler,,10000000,Overseas,FALSE,
2022,Mumbai Indians,Rahul Buddhi,Batsman,,2000000,Indian,FALSE,
2022,Mumbai Indians,Hrithik Shokeen,All-Rounder,,2000000,Indian,FALSE,
2022,Mumbai Indians,Mohd. Arshad Khan,All-Rounder,,2000000,Indian,FALSE,
2022,Mumbai Indians,Arjun  Tendulkar,All-Rounder,,3000000,Indian,FALSE,
2022,Punjab Kings,Shikhar Dhawan,Batsman,,82500000,Indian,FALSE,
2022,Punjab Kings,Kagiso Rabada,Bowler,,92500000,Overseas,FALSE,
2022,Punjab Kings,Jonny Bairstow,Wicket Keeper,,67500000,Overseas,FALSE,
2022,Punjab Kings,Rahul Chahar,Bowler,,52500000,Indian,FALSE,
2022,Punjab Kings,Harpreet  Brar,All-Rounder,,38000000,Indian,FALSE,
2022,Punjab Kings,Shahrukh Khan,All-Rounder,,90000000,Indian,FALSE,
2022,Punjab Kings,Jitesh Sharma,Wicket Keeper,,2000000,Indian,FALSE,
2022,Punjab Kings,Prabhsimran Singh,Wicket Keeper,,6000000,Indian,FALSE,
2022,Punjab Kings,Ishan Porel,Bowler,,2500000,Indian,FALSE,
2022,Punjab Kings,Liam Livingstone,All-Rounder,,115000000,Overseas,FALSE,
2022,Punjab Kings,Odean Smith,All-Rounder,,60000000,Overseas,FALSE,
2022,Punjab Kings,Sandeep Sharma,Bowler,,5000000,Indian,FALSE,
2022,Punjab Kings,Raj Angad Bawa,All-Rounder,,20000000,Indian,FALSE,
2022,Punjab Kings,Rishi Dhawan,All-Rounder,,5500000,Indian,FALSE,
2022,Punjab Kings,Nathan Ellis,Bowler,,7500000,Overseas,FALSE,
2022,Punjab Kings,Prerak Mankad,All-Rounder,,2000000,Indian,FALSE,
2022,Punjab Kings,Atharva Taide,All-Rounder,,2000000,Indian,FALSE,
2022,Punjab Kings,Vaibhav Arora,Bowler,,20000000,Indian,FALSE,
2022,Punjab Kings,Bhanuka Rajapaksa,Batsman,,5000000,Overseas,FALSE,
2022,Punjab Kings,Benny Howell,All-Rounder,,4000000,Overseas,FALSE,
2022,Punjab Kings,Writtick Chatterjee,All-Rounder,,2000000,Indian,FALSE,
2022,Punjab Kings,Baltej Dhanda,Bowler,,2000000,Indian,FALSE,
2022,Punjab Kings,Ansh Patel,All-Rounder,,2000000,Indian,FALSE,
2022,Rajasthan Royals,R. Ashwin,All-Rounder,,50000000,Indian,FALSE,
2022,Rajasthan Royals,Trent Boult,Bowler,,80000000,Overseas,FALSE,
2022,Rajasthan Royals,Shimron Hetmyer,Batsman,,85000000,Overseas,FALSE,
2022,Rajasthan Royals,Devdutt Padikkal,Batsman,,77500000,Indian,FALSE,
2022,Rajasthan Royals,Prasidh Krishna,Bowler,,100000000,Indian,FALSE,
2022,Rajasthan Royals,Yuzvendra Chahal,Bowler,,65000000,Indian,FALSE,
2022,Rajasthan Royals,Riyan Parag,All-Rounder,,38000000,Indian,FALSE,
2022,Rajasthan Royals,K.C Cariappa,Bowler,,3000000,Indian,FALSE,
2022,Rajasthan Royals,James Neesham,All-Rounder,,15000000,Overseas,FALSE,
2022,Rajasthan Royals,Nathan Coulter-Nile,Bowler,,20000000,Overseas,FALSE,
2022,Rajasthan Royals,Navdeep Saini,Bowler,,26000000,Indian,FALSE,
2022,Rajasthan Royals,Kuldeep  Sen,Bowler,,2000000,Indian,FALSE,
2022,Rajasthan Royals,Karun Nair,Batsman,,14000000,Indian,FALSE,
2022,Rajasthan Royals,Rassie Van Der Dussen,Batsman,,10000000,Overseas,FALSE,
2022,Rajasthan Royals,Daryl Mitchell,All-Rounder,,7500000,Overseas,FALSE,
2022,Rajasthan Royals,Obed Mccoy,Bowler,,7500000,Overseas,FALSE,
2022,Rajasthan Royals,Dhruv Jurel,Wicket Keeper,,2000000,Indian,FALSE,
2022,Rajasthan Royals,Tejas Baroka,Bowler,,2000000,Indian,FALSE,
2022,Rajasthan Royals,Kuldip Yadav,Bowler,,2000000,Indian,FALSE,
2022,Rajasthan Royals,Shubham Garhwal,All-Rounder,,2000000,Indian,FALSE,
2022,Rajasthan Royals,Anunay Singh,All-Rounder,,2000000,Indian,FALSE,
2022,Royal Challengers Bangalore,Faf Du Plessis,Batsman,,70000000,Overseas,FALSE,
2022,Royal Challengers Bangalore,Wanindu Hasaranga,All-Rounder,,107500000,Overseas,FALSE,
2022,Royal Challengers Bangalore,Harshal Patel,All-Rounder,,107500000,Indian,FALSE,
2022,Royal Challengers Bangalore,Dinesh  Karthik,Wicket Keeper,,55000000,Indian,FALSE,
2022,Royal Challengers Bangalore,Josh Hazlewood,Bowler,,77500000,Overseas,FALSE,
2022,Royal Challengers Bangalore,Shahbaz Ahamad,All-Rounder,,24000000,Indian,FALSE,
2022,Royal Challengers Bangalore,Anuj Rawat,Wicket Keeper,,34000000,Indian,FALSE,
2022,Royal Challengers Bangalore,Akash  Deep,Bowler,,2000000,Indian,FALSE,
2022,Royal Challengers Bangalore,Karn Sharma,Bowler,,5000000,Indian,FALSE,
2022,Royal Challengers Bangalore,Mahipal Lomror,All-Rounder,,9500000,Indian,FALSE,
2022,Royal Challengers Bangalore,Finn Allen,Batsman,,8000000,Overseas,FALSE,
2022,Royal Challengers Bangalore,Sherfane Rutherford,All-Rounder,,10000000,Overseas,FALSE,
2022,Royal Challengers Bangalore,Jason Behrendorff,Bowler,,7500000,Overseas,FALSE,
2022,Royal Challengers Bangalore,Siddharth  Kaul,Bowler,,7500000,Indian,FALSE,
2022,Royal Challengers Bangalore,Suyash Prabhudessai,All-Rounder,,3000000,Indian,FALSE,
2022,Royal Challengers Bangalore,Luvnith Sisodia,Wicket Keeper,,2000000,Indian,FALSE,
2022,Royal Challengers Bangalore,Chama Milind,Bowler,,2500000,Indian,FALSE,
2022,Royal Challengers Bangalore,Aneeshwar Gautam,All-Rounder,,2000000,Indian,FALSE,
2022,Royal Challengers Bangalore,David Willey,All-Rounder,,20000000,Overseas,FALSE,
2022,Sunrisers Hyderabad,Washington Sundar,All-Rounder,,87500000,Indian,FALSE,
2022,Sunrisers Hyderabad,Nicholas Pooran,Wicket Keeper,,107500000,Overseas,FALSE,
2022,Sunrisers Hyderabad,Bhuvneshwar Kumar,Bowler,,42000000,Indian,FALSE,
2022,Sunrisers Hyderabad,T. Natarajan,Bowler,,40000000,Indian,FALSE,
2022,Sunrisers Hyderabad,Priyam  Garg,Batsman,,2000000,Indian,FALSE,
2022,Sunrisers Hyderabad,Rahul Tripathi,Batsman,,85000000,Indian,FALSE,
2022,Sunrisers Hyderabad,Abhishek Sharma,All-Rounder,,65000000,Indian,FALSE,
2022,Sunrisers Hyderabad,Vishnu Vinod,Wicket Keeper,,5000000,Indian,FALSE,
2022,Sunrisers Hyderabad,Kartik Tyagi,Bowler,,40000000,Indian,FALSE,
2022,Sunrisers Hyderabad,Shreyas Gopal,Bowler,,7500000,Indian,FALSE,
2022,Sunrisers Hyderabad,Jagadeesha Suchith,Bowler,,2000000,Indian,FALSE,
2022,Sunrisers Hyderabad,Aiden Markram,Batsman,,26000000,Overseas,FALSE,
2022,Sunrisers Hyderabad,Marco Jansen,All-Rounder,,42000000,Overseas,FALSE,
2022,Sunrisers Hyderabad,Romario Shepherd,All-Rounder,,77500000,Overseas,FALSE,
2022,Sunrisers Hyderabad,Glenn Phillips,Wicket Keeper,,15000000,Overseas,FALSE,
2022,Sunrisers Hyderabad,Fazalhaq Farooqi,Bowler,,5000000,Overseas,FALSE,
2022,Sunrisers Hyderabad,Sean Abbott,Bowler,,24000000,Overseas,FALSE,
2022,Sunrisers Hyderabad,R Samarth,Batsman,,2000000,Indian,FALSE,
2022,Sunrisers Hyderabad,Shashank Singh,All-Rounder,,2000000,Indian,FALSE,
2022,Sunrisers Hyderabad,Saurabh Dubey,Bowler,,2000000,Indian,FALSE,
2023,Chennai Super Kings,Ajinkya Rahane,Batter,,5000000,Indian,FALSE,
2023,Chennai Super Kings,Bhagath Varma,All-Rounder,,2000000,Indian,FALSE,
2023,Chennai Super Kings,Kyle Jamieson,Bowler,,10000000,Overseas,FALSE,
2023,Chennai Super Kings,Ajay Mandal,All-Rounder,,2000000,Indian,FALSE,
2023,Chennai Super Kings,Nishant Sindhu,All-Rounder,,6000000,Indian,FALSE,
2023,Chennai Super Kings,Shaik Rasheed,Batter,,2000000,Indian,FALSE,
2023,Chennai Super Kings,Ben Stokes,All-Rounder,,162500000,Overseas,FALSE,
2023,Delhi Capitals,Phil Salt,Wicket-Keeper,,20000000,Overseas,FALSE,
2023,Delhi Capitals,Ishant Sharma,Bowler,,5000000,Indian,FALSE,
2023,Delhi Capitals,Rilee Rossouw,Batter,,46000000,Overseas,FALSE,
2023,Delhi Capitals,Manish Pandey,Batter,,24000000,Indian,FALSE,
2023,Delhi Capitals,Mukesh Kumar,Bowler,,55000000,Indian,FALSE,
2023,Gujarat Titans,Shivam Mavi,Bowler,,60000000,Indian,FALSE,
2023,Gujarat Titans,K.S. Bharat,Wicket-Keeper,,12000000,Indian,FALSE,
2023,Gujarat Titans,Urvil Patel,Wicket-Keeper,,2000000,Indian,FALSE,
2023,Gujarat Titans,Mohit Sharma,Bowler,,5000000,Indian,FALSE,
2023,Gujarat Titans,Joshua Little,Bowler,,44000000,Overseas,FALSE,
2023,Gujarat Titans,Kane Williamson,Batter,,20000000,Overseas,FALSE,
2023,Gujarat Titans,Odean Smith,All-Rounder,,5000000,Overseas,FALSE,
2023,Kolkata Knight Riders,Kulwant Khejroliya,Bowler,,2000000,Indian,FALSE,
2023,Kolkata Knight Riders,Shakib Al Hasan,All-Rounder,,15000000,Overseas,FALSE,
2023,Kolkata Knight Riders,Vaibhav Arora,Bowler,,6000000,Indian,FALSE,
2023,Kolkata Knight Riders,N. Jagadeesan,Wicket-Keeper,,9000000,Indian,FALSE,
2023,Kolkata Knight Riders,David Wiese,All-Rounder,,10000000,Overseas,FALSE,
2023,Kolkata Knight Riders,Mandeep Singh,Batter,,5000000,Indian,FALSE,
2023,Kolkata Knight Riders,Litton Das,Wicket-Keeper,,5000000,Overseas,FALSE,
2023,Kolkata Knight Riders,Suyash Sharma,Bowler,,2000000,Indian,FALSE,
2023,Lucknow Super Giants,Amit Mishra,Bowler,,5000000,Indian,FALSE,
2023,Lucknow Super Giants,Nicholas Pooran,Wicket-Keeper,,160000000,Overseas,FALSE,
2023,Lucknow Super Giants,Romario Shepherd,All-Rounder,,5000000,Overseas,FALSE,
2023,Lucknow Super Giants,Daniel Sams,All-Rounder,,7500000,Overseas,FALSE,
2023,Lucknow Super Giants,Swapnil Singh,All-Rounder,,2000000,Indian,FALSE,
2023,Lucknow Super Giants,Yudhvir Charak,All-Rounder,,2000000,Indian,FALSE,
2023,Lucknow Super Giants,Prerak Mankad,All-Rounder,,2000000,Indian,FALSE,
2023,Lucknow Super Giants,Yash Thakur,Bowler,,4500000,Indian,FALSE,
2023,Lucknow Super Giants,Naveen Ul Haq,Bowler,,5000000,Overseas,FALSE,
2023,Lucknow Super Giants,Jaydev Unadkat,Bowler,,5000000,Indian,FALSE,
2023,Mumbai Indians,Jhye Richardson,Bowler,,15000000,Overseas,FALSE,
2023,Mumbai Indians,Nehal Wadhera,All-Rounder,,2000000,Indian,FALSE,
2023,Mumbai Indians,Raghav Goyal,Bowler,,2000000,Indian,FALSE,
2023,Mumbai Indians,Cameron Green,All-Rounder,,175000000,Overseas,FALSE,
2023,Mumbai Indians,Vishnu Vinod,Wicket-Keeper,,2000000,Indian,FALSE,
2023,Mumbai Indians,Duan Jansen,All-Rounder,,2000000,Overseas,FALSE,
2023,Mumbai Indians,Piyush Chawla,Bowler,,5000000,Indian,FALSE,
2023,Mumbai Indians,Shams Mulani,All-Rounder,,2000000,Indian,FALSE,
2023,Punjab Kings,Harpreet Bhatia,Batter,,4000000,Indian,FALSE,
2023,Punjab Kings,Shivam Singh,All-Rounder,,2000000,Indian,FALSE,
2023,Punjab Kings,Vidwath Kaverappa,Bowler,,2000000,Indian,FALSE,
2023,Punjab Kings,Mohit Rathee,All-Rounder,,2000000,Indian,FALSE,
2023,Punjab Kings,Sam Curran,All-Rounder,,185000000,Overseas,FALSE,
2023,Punjab Kings,Sikandar Raza,All-Rounder,,5000000,Overseas,FALSE,
2023,Rajasthan Royals,Jason Holder,All-Rounder,,57500000,Overseas,FALSE,
2023,Rajasthan Royals,Adam Zampa,Bowler,,15000000,Overseas,FALSE,
2023,Rajasthan Royals,Abdul P A,All-Rounder,,2000000,Indian,FALSE,
2023,Rajasthan Royals,Akash Vashisht,All-Rounder,,2000000,Indian,FALSE,
2023,Rajasthan Royals,Donovan Ferreira,Wicket-Keeper,,5000000,Overseas,FALSE,
2023,Rajasthan Royals,Kunal Rathore,Wicket-Keeper,,2000000,Indian,FALSE,
2023,Rajasthan Royals,Joe Root,Batter,,10000000,Overseas,FALSE,
2023,Rajasthan Royals,Murugan Ashwin,Bowler,,2000000,Indian,FALSE,
2023,Rajasthan Royals,K.M. Asif,Bowler,,3000000,Indian,FALSE,
2023,Royal Challengers Bangalore,Sonu Yadav,All-Rounder,,2000000,Indian,FALSE,
2023,Royal Challengers Bangalore,Himanshu Sharma,Bowler,,2000000,Indian,FALSE,
2023,Royal Challengers Bangalore,Avinash Singh,Bowler,,6000000,Indian,FALSE,
2023,Royal Challengers Bangalore,Manoj Bhandage,All-Rounder,,2000000,Indian,FALSE,
2023,Royal Challengers Bangalore,Will Jacks,Batter,,32000000,Overseas,FALSE,
2023,Royal Challengers Bangalore,Reece Topley,Bowler,,19000000,Overseas,FALSE,
2023,Royal Challengers Bangalore,Rajan Kumar,Bowler,,7000000,Indian,FALSE,
2023,Sunrisers Hyderabad,Sanvir Singh,All-Rounder,,2000000,Indian,FALSE,
2023,Sunrisers Hyderabad,Harry Brook,Batter,,132500000,Overseas,FALSE,
2023,Sunrisers Hyderabad,Heinrich Klaasen,Wicket-Keeper,,52500000,Overseas,FALSE,
2023,Sunrisers Hyderabad,Akeal Hosein,Bowler,,10000000,Overseas,FALSE,
2023,Sunrisers Hyderabad,Mayank Markande,Bowler,,5000000,Indian,FALSE,
2023,Sunrisers Hyderabad,Adil Rashid,Bowler,,20000000,Overseas,FALSE,
2023,Sunrisers Hyderabad,Anmolpreet Singh,Batter,,2000000,Indian,FALSE,
2023,Sunrisers Hyderabad,Vivrant Sharma,All-Rounder,,26000000,Indian,FALSE,
2023,Sunrisers Hyderabad,Samarth Vyas,All-Rounder,,2000000,Indian,FALSE,
2023,Sunrisers Hyderabad,Upendra Singh Yadav,Wicket-Keeper,,2500000,Indian,FALSE,
2023,Sunrisers Hyderabad,Nitish Kumar Reddy,Wicket-Keeper,,2000000,Indian,FALSE,
2023,Sunrisers Hyderabad,Mayank Agarwal,Batter,,82500000,Indian,FALSE,
2023,Sunrisers Hyderabad,Mayank Dagar,All-Rounder,,18000000,Indian,FALSE,
2024,Chennai Super Kings,Avanish Rao Aravelly,Wicket-Keeper,,2000000,Indian,FALSE,
2024,Chennai Super Kings,Mustafizur Rahman,Bowler,,20000000,Overseas,FALSE,
2024,Chennai Super Kings,Daryl Mitchell,All-Rounder,,140000000,Overseas,FALSE,
2024,Chennai Super Kings,Sameer Rizvi,Batter,,84000000,Indian,FALSE,
2024,Chennai Super Kings,Rachin Ravindra,All-Rounder,,18000000,Overseas,FALSE,
2024,Chennai Super Kings,Shardul Thakur,All-Rounder,,40000000,Indian,FALSE,
2024,Delhi Capitals,Ricky Bhui,Wicket-Keeper,,2000000,Indian,FALSE,
2024,Delhi Capitals,Sumit Kumar,All-Rounder,,10000000,Indian,FALSE,
2024,Delhi Capitals,Swastik Chhikara,Batter,,2000000,Indian,FALSE,
2024,Delhi Capitals,Jhye Richardson,Bowler,,50000000,Overseas,FALSE,
2024,Delhi Capitals,Shai Hope,Wicket-Keeper,,7500000,Overseas,FALSE,
2024,Delhi Capitals,Rasikh Dar,Bowler,,2000000,Indian,FALSE,
2024,Delhi Capitals,Kumar Kushagra,Wicket-Keeper,,72000000,Indian,FALSE,
2024,Delhi Capitals,Tristan Stubbs,Wicket-Keeper,,5000000,Overseas,FALSE,
2024,Delhi Capitals,Harry Brook,Batter,,40000000,Overseas,FALSE,
2024,Gujarat Titans,Kartik Tyagi,Bowler,,6000000,Indian,FALSE,
2024,Gujarat Titans,Spencer Johnson,Bowler,,100000000,Overseas,FALSE,
2024,Gujarat Titans,Manav Suthar,Bowler,,2000000,Indian,FALSE,
2024,Gujarat Titans,Robin Minz,Wicket-Keeper,,36000000,Indian,FALSE,
2024,Gujarat Titans,Sushant Mishra,Bowler,,22000000,Indian,FALSE,
2024,Gujarat Titans,Azmatullah Omarzai,All-Rounder,,5000000,Overseas,FALSE,
2024,Gujarat Titans,Shahrukh Khan,All-Rounder,,74000000,Indian,FALSE,
2024,Gujarat Titans,Umesh Yadav,Bowler,,58000000,Indian,FALSE,
2024,Kolkata Knight Riders,Mujeeb Rahman,Bowler,,20000000,Overseas,FALSE,
2024,Kolkata Knight Riders,Manish Pandey,Batter,,5000000,Indian,FALSE,
2024,Kolkata Knight Riders,Gus Atkinson,Bowler,,10000000,Overseas,FALSE,
2024,Kolkata Knight Riders,Angkrish Raghuvanshi,Batter,,2000000,Indian,FALSE,
2024,Kolkata Knight Riders,Mitchell  Starc,Bowler,,247500000,Overseas,FALSE,
2024,Kolkata Knight Riders,Sherfane Rutherford,Batter,,15000000,Overseas,FALSE,
2024,Kolkata Knight Riders,Ramandeep  Singh,All-Rounder,,2000000,Indian,FALSE,
2024,Kolkata Knight Riders,K.S. Bharat,Wicket-Keeper,,5000000,Indian,FALSE,
2024,Kolkata Knight Riders,Chetan Sakariya,Bowler,,5000000,Indian,FALSE,
2024,Kolkata Knight Riders,Sakib Hussain,Bowler,,2000000,Indian,FALSE,
2024,Lucknow Super Giants,Ashton Turner,Batter,,10000000,Overseas,FALSE,
2024,Lucknow Super Giants,David Willey,All-Rounder,,20000000,Overseas,FALSE,
2024,Lucknow Super Giants,M. Siddharth,Bowler,,24000000,Indian,FALSE,
2024,Lucknow Super Giants,Shivam  Mavi,Bowler,,64000000,Indian,FALSE,
2024,Lucknow Super Giants,Arshin Kulkarni,All-Rounder,,2000000,Indian,FALSE,
2024,Lucknow Super Giants,Mohd. Arshad Khan,All-Rounder,,2000000,Indian,FALSE,
2024,Mumbai Indians,Dilshan Madushanka,Bowler,,46000000,Overseas,FALSE,
2024,Mumbai Indians,Shreyas Gopal,Bowler,,2000000,Indian,FALSE,
2024,Mumbai Indians,Shivalik Sharma,All-Rounder,,2000000,Indian,FALSE,
2024,Mumbai Indians,Anshul Kamboj,All-Rounder,,2000000,Indian,FALSE,
2024,Mumbai Indians,Mohammad Nabi,All-Rounder,,15000000,Overseas,FALSE,
2024,Mumbai Indians,Naman Dhir,All-Rounder,,2000000,Indian,FALSE,
2024,Mumbai Indians,Nuwan Thushara,Bowler,,48000000,Overseas,FALSE,
2024,Mumbai Indians,Gerald Coetzee,All-Rounder,,50000000,Overseas,FALSE,
2024,Punjab Kings,Chris Woakes,All-Rounder,,42000000,Overseas,FALSE,
2024,Punjab Kings,Tanay Thyagarajann,All-Rounder,,2000000,Indian,FALSE,
2024,Punjab Kings,Vishwanath Pratap Singh,All-Rounder,,2000000,Indian,FALSE,
2024,Punjab Kings,Ashutosh Sharma,All-Rounder,,2000000,Indian,FALSE,
2024,Punjab Kings,Shashank  Singh,Batter,,2000000,Indian,FALSE,
2024,Punjab Kings,Rilee Rossouw,Batter,,80000000,Overseas,FALSE,
2024,Punjab Kings,Prince Choudhary,Bowler,,2000000,Indian,FALSE,
2024,Punjab Kings,Harshal Patel,All-Rounder,,117500000,Indian,FALSE,
2024,Rajasthan Royals,Shubham Dubey,Batter,,58000000,Indian,FALSE,
2024,Rajasthan Royals,Rovman Powell,Batter,,74000000,Overseas,FALSE,
2024,Rajasthan Royals,Abid Mushtaq,All-Rounder,,2000000,Indian,FALSE,
2024,Rajasthan Royals,Nandre Burger,Bowler,,5000000,Overseas,FALSE,
2024,Rajasthan Royals,Tom Kohler-Cadmore,Wicket-Keeper,,4000000,Overseas,FALSE,
2024,Royal Challengers Bengaluru,Lockie Ferguson,Bowler,,20000000,Overseas,FALSE,
2024,Royal Challengers Bengaluru,Tom Curran,All-Rounder,,15000000,Overseas,FALSE,
2024,Royal Challengers Bengaluru,Saurav Chuahan,Batter,,2000000,Indian,FALSE,
2024,Royal Challengers Bengaluru,Alzarri Joseph,Bowler,,115000000,Overseas,FALSE,
2024,Royal Challengers Bengaluru,Swapnil Singh,All-Rounder,,2000000,Indian,FALSE,
2024,Royal Challengers Bengaluru,Yash  Dayal,Bowler,,50000000,Indian,FALSE,
2024,Sunrisers Hyderabad,Jhathavedh Subramanyan,Bowler,,2000000,Indian,FALSE,
2024,Sunrisers Hyderabad,Akash Singh,Bowler,,2000000,Indian,FALSE,
2024,Sunrisers Hyderabad,Jaydev Unadkat,Bowler,,16000000,Indian,FALSE,
2024,Sunrisers Hyderabad,Wanindu Hasaranga,All-Rounder,,15000000,Overseas,FALSE,
2024,Sunrisers Hyderabad,Pat Cummins,All-Rounder,,205000000,Overseas,FALSE,
2024,Sunrisers Hyderabad,Travis Head,Batter,,68000000,Overseas,FALSE,
2025,Chennai Super Kings,Noor Ahmad,,20000000,100000000,Capped,FALSE,
2025,Chennai Super Kings,Ravichandaran Ashwin,,20000000,97500000,Capped,FALSE,
2025,Chennai Super Kings,Devon Conway,,20000000,62500000,Capped,FALSE,
2025,Chennai Super Kings,Syed Khaleel Ahmed,,20000000,48000000,Capped,FALSE,
2025,Chennai Super Kings,Rachin Ravindra,,15000000,40000000,Capped,FALSE,
2025,Chennai Super Kings,Anshul Kamboj,,3000000,34000000,Uncapped,FALSE,
2025,Chennai Super Kings,Rahul Tripathi,,7500000,34000000,Capped,FALSE,
2025,Chennai Super Kings,Sam Curran,,20000000,24000000,Capped,FALSE,
2025,Chennai Super Kings,Gurjapneet Singh,,3000000,22000000,Uncapped,FALSE,
2025,Chennai Super Kings,Nathan Ellis,,12500000,20000000,Capped,FALSE,
2025,Chennai Super Kings,Deepak Hooda,,7500000,17000000,Capped,FALSE,
2025,Chennai Super Kings,Jamie Overton,,15000000,15000000,Capped,FALSE,
2025,Chennai Super Kings,Vijay Shankar,,3000000,12000000,Uncapped,FALSE,
2025,Chennai Super Kings,Vansh Bedi,,3000000,5500000,Uncapped,FALSE,
2025,Chennai Super Kings,Andre Siddarth,,3000000,3000000,Uncapped,FALSE,
2025,Chennai Super Kings,Shreyas Gopal,,3000000,3000000,Uncapped,FALSE,
2025,Chennai Super Kings,Ramakrishna Ghosh,,3000000,3000000,Uncapped,FALSE,
2025,Chennai Super Kings,Kamlesh Nagarkoti,,3000000,3000000,Uncapped,FALSE,
2025,Chennai Super Kings,Mukesh Choudhary,,3000000,3000000,Uncapped,FALSE,
2025,Chennai Super Kings,Shaik Rasheed,,3000000,3000000,Uncapped,FALSE,
2025,Delhi Capitals,KL Rahul,,20000000,140000000,Capped,FALSE,
2025,Delhi Capitals,Mitchell Starc,,20000000,117500000,Capped,FALSE,
2025,Delhi Capitals,T. Natarajan,,20000000,107500000,Capped,FALSE,
2025,Delhi Capitals,Jake Fraser-Mcgurk,,20000000,90000000,Capped,FALSE,
2025,Delhi Capitals,Mukesh Kumar,,20000000,80000000,Capped,FALSE,
2025,Delhi Capitals,Harry Brook,,20000000,62500000,Capped,FALSE,
2025,Delhi Capitals,Ashutosh Sharma,,3000000,38000000,Uncapped,FALSE,
2025,Delhi Capitals,Mohit Sharma,,5000000,22000000,Uncapped,FALSE,
2025,Delhi Capitals,Faf Du Plessis,,20000000,20000000,Capped,FALSE,
2025,Delhi Capitals,Sameer Rizvi,,3000000,9500000,Uncapped,FALSE,
2025,Delhi Capitals,Donovan Ferreira,,7500000,7500000,Capped,FALSE,
2025,Delhi Capitals,Dushmantha Chameera,,7500000,7500000,Capped,FALSE,
2025,Delhi Capitals,Vipraj Nigam,,3000000,5000000,Uncapped,FALSE,
2025,Delhi Capitals,Karun Nair,,3000000,5000000,Uncapped,FALSE,
2025,Delhi Capitals,Madhav Tiwari,,3000000,4000000,Uncapped,FALSE,
2025,Delhi Capitals,Tripurana Vijay,,3000000,3000000,Uncapped,FALSE,
2025,Delhi Capitals,Manvanth Kumar L,,3000000,3000000,Uncapped,FALSE,
2025,Delhi Capitals,Ajay Mandal,,3000000,3000000,Uncapped,FALSE,
2025,Delhi Capitals,Darshan Nalkande,,3000000,3000000,Uncapped,FALSE,
2025,Gujarat Titans,Jos  Buttler,,20000000,157500000,Capped,FALSE,
2025,Gujarat Titans,Mohammad Siraj,,20000000,122500000,Capped,FALSE,
2025,Gujarat Titans,Kagiso Rabada,,20000000,107500000,Capped,FALSE,
2025,Gujarat Titans,Prasidh Krishna,,20000000,95000000,Capped,FALSE,
2025,Gujarat Titans,Washington Sundar,,20000000,32000000,Capped,FALSE,
2025,Gujarat Titans,Sherfane Rutherford,,15000000,26000000,Capped,FALSE,
2025,Gujarat Titans,Gerald Coetzee,,12500000,24000000,Capped,FALSE,
2025,Gujarat Titans,Glenn Phillips,,20000000,20000000,Capped,FALSE,
2025,Gujarat Titans,R. Sai Kishore,,7500000,20000000,Capped,FALSE,
2025,Gujarat Titans,Mahipal Lomror,,5000000,17000000,Uncapped,FALSE,
2025,Gujarat Titans,Gurnoor Singh Brar,,3000000,13000000,Uncapped,FALSE,
2025,Gujarat Titans,Mohd. Arshad Khan,,3000000,13000000,Uncapped,FALSE,
2025,Gujarat Titans,Karim Janat,,7500000,7500000,Capped,FALSE,
2025,Gujarat Titans,Jayant Yadav,,7500000,7500000,Capped,FALSE,
2025,Gujarat Titans,Ishant Sharma,,7500000,7500000,Capped,FALSE,
2025,Gujarat Titans,Kumar Kushagra,,3000000,6500000,Uncapped,FALSE,
2025,Gujarat Titans,Kulwant Khejroliya,,3000000,3000000,Uncapped,FALSE,
2025,Gujarat Titans,Manav Suthar,,3000000,3000000,Uncapped,FALSE,
2025,Gujarat Titans,Anuj Rawat,,3000000,3000000,Uncapped,FALSE,
2025,Gujarat Titans,Nishant Sindhu,,3000000,3000000,Uncapped,FALSE,
2025,Kolkata Knight Riders,Venkatesh Iyer,,20000000,237500000,Capped,FALSE,
2025,Kolkata Knight Riders,Anrich Nortje,,20000000,65000000,Capped,FALSE,
2025,Kolkata Knight Riders,Quinton De Kock,,20000000,36000000,Capped,FALSE,
2025,Kolkata Knight Riders,Angkrish Raghuvanshi,,3000000,30000000,Uncapped,FALSE,
2025,Kolkata Knight Riders,Spencer Johnson,,20000000,28000000,Capped,FALSE,
2025,Kolkata Knight Riders,Moeen Ali,,20000000,20000000,Capped,FALSE,
2025,Kolkata Knight Riders,Rahmanullah Gurbaz,,20000000,20000000,Capped,FALSE,
2025,Kolkata Knight Riders,Vaibhav Arora,,3000000,18000000,Uncapped,FALSE,
2025,Kolkata Knight Riders,Ajinkya Rahane,,15000000,15000000,Capped,FALSE,
2025,Kolkata Knight Riders,Rovman Powell,,15000000,15000000,Capped,FALSE,
2025,Kolkata Knight Riders,Umran  Malik,,7500000,7500000,Capped,FALSE,
2025,Kolkata Knight Riders,Manish Pandey,,7500000,7500000,Capped,FALSE,
2025,Kolkata Knight Riders,Anukul Roy,,3000000,4000000,Uncapped,FALSE,
2025,Kolkata Knight Riders,Luvnith Sisodia,,3000000,3000000,Uncapped,FALSE,
2025,Kolkata Knight Riders,Mayank Markande,,3000000,3000000,Uncapped,FALSE,
2025,Lucknow Super Giants,Rishabh Pant,,20000000,270000000,Capped,FALSE,
2025,Lucknow Super Giants,Avesh Khan,,20000000,97500000,Capped,FALSE,
2025,Lucknow Super Giants,Akash Deep,,10000000,80000000,Capped,FALSE,
2025,Lucknow Super Giants,David Miller,,15000000,75000000,Capped,FALSE,
2025,Lucknow Super Giants,Abdul Samad,,3000000,42000000,Uncapped,FALSE,
2025,Lucknow Super Giants,Mitchell Marsh,,20000000,34000000,Capped,FALSE,
2025,Lucknow Super Giants,Shahbaz Ahamad,,10000000,24000000,Capped,FALSE,
2025,Lucknow Super Giants,Aiden Markram,,20000000,20000000,Capped,FALSE,
2025,Lucknow Super Giants,Matthew Breetzke,,7500000,7500000,Capped,FALSE,
2025,Lucknow Super Giants,Shamar Joseph,,7500000,7500000,Capped,FALSE,
2025,Lucknow Super Giants,M. Siddharth,,3000000,7500000,Uncapped,FALSE,
2025,Lucknow Super Giants,Arshin Kulkarni,,3000000,3000000,Uncapped,FALSE,
2025,Lucknow Super Giants,Rajvardhan Hangargekar,,3000000,3000000,Uncapped,FALSE,
2025,Lucknow Super Giants,Yuvraj Chaudhary,,3000000,3000000,Uncapped,FALSE,
2025,Lucknow Super Giants,Prince Yadav,,3000000,3000000,Uncapped,FALSE,
2025,Lucknow Super Giants,Akash Singh,,3000000,3000000,Uncapped,FALSE,
2025,Lucknow Super Giants,Digvesh Singh,,3000000,3000000,Uncapped,FALSE,
2025,Lucknow Super Giants,Himmat Singh,,3000000,3000000,Uncapped,FALSE,
2025,Lucknow Super Giants,Aryan Juyal,,3000000,3000000,Uncapped,FALSE,
2025,Mumbai Indians,Trent Boult,,20000000,125000000,Capped,FALSE,
2025,Mumbai Indians,Deepak Chahar,,20000000,92500000,Capped,FALSE,
2025,Mumbai Indians,Will Jacks,,20000000,52500000,Capped,FALSE,
2025,Mumbai Indians,Naman Dhir,,3000000,52500000,Uncapped,FALSE,
2025,Mumbai Indians,Allah  Ghazanfar,,7500000,48000000,Capped,FALSE,
2025,Mumbai Indians,Mitchell Santner,,20000000,20000000,Capped,FALSE,
2025,Mumbai Indians,Ryan Rickelton,,10000000,10000000,Capped,FALSE,
2025,Mumbai Indians,Lizaad Williams,,7500000,7500000,Capped,FALSE,
2025,Mumbai Indians,Reece Topley,,7500000,7500000,Capped,FALSE,
2025,Mumbai Indians,Robin Minz,,3000000,6500000,Uncapped,FALSE,
2025,Mumbai Indians,Karn Sharma,,5000000,5000000,Uncapped,FALSE,
2025,Mumbai Indians,Vignesh Puthur,,3000000,3000000,Uncapped,FALSE,
2025,Mumbai Indians,Arjun  Tendulkar,,3000000,3000000,Uncapped,FALSE,
2025,Mumbai Indians,Bevan John Jacobs,,3000000,3000000,Uncapped,FALSE,
2025,Mumbai Indians,Venkata Satyanarayana Penmetsa,,3000000,3000000,Uncapped,FALSE,
2025,Mumbai Indians,Raj Angad Bawa,,3000000,3000000,Uncapped,FALSE,
2025,Mumbai Indians,Shrijith Krishnan,,3000000,3000000,Uncapped,FALSE,
2025,Mumbai Indians,Ashwani Kumar,,3000000,3000000,Uncapped,FALSE,
2025,Punjab Kings,Shreyas Iyer,,20000000,267500000,Capped,FALSE,
2025,Punjab Kings,Yuzvendra Chahal,,20000000,180000000,Capped,FALSE,
2025,Punjab Kings,Arshdeep Singh,,20000000,180000000,Capped,FALSE,
2025,Punjab Kings,Marcus Stoinis,,20000000,110000000,Capped,FALSE,
2025,Punjab Kings,Marco Jansen,,12500000,70000000,Capped,FALSE,
2025,Punjab Kings,Nehal Wadhera,,3000000,42000000,Uncapped,FALSE,
2025,Punjab Kings,Glenn Maxwell,,20000000,42000000,Capped,FALSE,
2025,Punjab Kings,Priyansh Arya,,3000000,38000000,Uncapped,FALSE,
2025,Punjab Kings,Josh Inglis,,20000000,26000000,Capped,FALSE,
2025,Punjab Kings,Azmatullah Omarzai,,15000000,24000000,Capped,FALSE,
2025,Punjab Kings,Lockie Ferguson,,20000000,20000000,Capped,FALSE,
2025,Punjab Kings,Vyshak Vijaykumar,,3000000,18000000,Uncapped,FALSE,
2025,Punjab Kings,Yash Thakur,,3000000,16000000,Uncapped,FALSE,
2025,Punjab Kings,Harpreet  Brar,,3000000,15000000,Uncapped,FALSE,
2025,Punjab Kings,Aaron Hardie,,12500000,12500000,Capped,FALSE,
2025,Punjab Kings,Vishnu Vinod,,3000000,9500000,Uncapped,FALSE,
2025,Punjab Kings,Xavier Bartlett,,7500000,8000000,Capped,FALSE,
2025,Punjab Kings,Kuldeep  Sen,,7500000,8000000,Capped,FALSE,
2025,Punjab Kings,Pravin Dubey,,3000000,3000000,Uncapped,FALSE,
2025,Punjab Kings,Pyla Avinash,,3000000,3000000,Uncapped,FALSE,
2025,Punjab Kings,Suryansh  Shedge,,3000000,3000000,Uncapped,FALSE,
2025,Punjab Kings,Musheer Khan,,3000000,3000000,Uncapped,FALSE,
2025,Punjab Kings,Harnoor Pannu,,3000000,3000000,Uncapped,FALSE,
2025,Rajasthan Royals,Jofra Archer,,20000000,125000000,Capped,FALSE,
2025,Rajasthan Royals,Tushar Deshpande,,10000000,65000000,Capped,FALSE,
2025,Rajasthan Royals,Wanindu Hasaranga,,20000000,52500000,Capped,FALSE,
2025,Rajasthan Royals,Maheesh Theekshana,,20000000,44000000,Capped,FALSE,
2025,Rajasthan Royals,Nitish Rana,,15000000,42000000,Capped,FALSE,
2025,Rajasthan Royals,Fazalhaq Farooqi,,20000000,20000000,Capped,FALSE,
2025,Rajasthan Royals,Kwena Maphaka,,7500000,15000000,Capped,FALSE,
2025,Rajasthan Royals,Akash Madhwal,,3000000,12000000,Uncapped,FALSE,
2025,Rajasthan Royals,Vaibhav Suryavanshi,,3000000,11000000,Uncapped,FALSE,
2025,Rajasthan Royals,Shubham Dubey,,3000000,8000000,Uncapped,FALSE,
2025,Rajasthan Royals,Yudhvir Charak,,3000000,3500000,Uncapped,FALSE,
2025,Rajasthan Royals,Ashok Sharma,,3000000,3000000,Uncapped,FALSE,
2025,Rajasthan Royals,Kunal Rathore,,3000000,3000000,Uncapped,FALSE,
2025,Rajasthan Royals,Kumar Kartikeya Singh,,3000000,3000000,Uncapped,FALSE,
2025,Royal Challengers Bengaluru,Josh Hazlewood,,20000000,125000000,Capped,FALSE,
2025,Royal Challengers Bengaluru,Phil Salt,,20000000,115000000,Capped,FALSE,
2025,Royal Challengers Bengaluru,Jitesh Sharma,,10000000,110000000,Capped,FALSE,
2025,Royal Challengers Bengaluru,Bhuvneshwar Kumar,,20000000,107500000,Capped,FALSE,
2025,Royal Challengers Bengaluru,Liam Livingstone,,20000000,87500000,Capped,FALSE,
2025,Royal Challengers Bengaluru,Rasikh Dar,,3000000,60000000,Uncapped,FALSE,
2025,Royal Challengers Bengaluru,Krunal Pandya,,20000000,57500000,Capped,FALSE,
2025,Royal Challengers Bengaluru,Tim David,,20000000,30000000,Capped,FALSE,
2025,Royal Challengers Bengaluru,Jacob Bethell,,12500000,26000000,Capped,FALSE,
2025,Royal Challengers Bengaluru,Suyash Sharma,,3000000,26000000,Uncapped,FALSE,
2025,Royal Challengers Bengaluru,Devdutt Padikkal,,20000000,20000000,Capped,FALSE,
2025,Royal Challengers Bengaluru,Nuwan Thushara,,7500000,16000000,Capped,FALSE,
2025,Royal Challengers Bengaluru,Romario Shepherd,,15000000,15000000,Capped,FALSE,
2025,Royal Challengers Bengaluru,Lungisani Ngidi,,10000000,10000000,Capped,FALSE,
2025,Royal Challengers Bengaluru,Swapnil Singh,,3000000,5000000,Uncapped,FALSE,
2025,Royal Challengers Bengaluru,Mohit Rathee,,3000000,3000000,Uncapped,FALSE,
2025,Royal Challengers Bengaluru,Abhinandan Singh,,3000000,3000000,Uncapped,FALSE,
2025,Royal Challengers Bengaluru,Swastik Chhikara,,3000000,3000000,Uncapped,FALSE,
2025,Royal Challengers Bengaluru,Manoj Bhandage,,3000000,3000000,Uncapped,FALSE,
2025,Sunrisers Hyderabad,Ishan Kishan,,20000000,112500000,Capped,FALSE,
2025,Sunrisers Hyderabad,Mohammad Shami,,20000000,100000000,Capped,FALSE,
2025,Sunrisers Hyderabad,Harshal Patel,,20000000,80000000,Capped,FALSE,
2025,Sunrisers Hyderabad,Abhinav Manohar,,3000000,32000000,Uncapped,FALSE,
2025,Sunrisers Hyderabad,Rahul Chahar,,10000000,32000000,Capped,FALSE,
2025,Sunrisers Hyderabad,Adam Zampa,,20000000,24000000,Capped,FALSE,
2025,Sunrisers Hyderabad,Simarjeet Singh,,3000000,15000000,Uncapped,FALSE,
2025,Sunrisers Hyderabad,Eshan Malinga,,3000000,12000000,Uncapped,FALSE,
2025,Sunrisers Hyderabad,Brydon Carse,,10000000,10000000,Capped,FALSE,
2025,Sunrisers Hyderabad,Jaydev Unadkat,,10000000,10000000,Capped,FALSE,
2025,Sunrisers Hyderabad,Kamindu Mendis,,7500000,7500000,Capped,FALSE,
2025,Sunrisers Hyderabad,Zeeshan Ansari,,3000000,4000000,Uncapped,FALSE,
2025,Sunrisers Hyderabad,Sachin Baby,,3000000,3000000,Uncapped,FALSE,
2025,Sunrisers Hyderabad,Aniket Verma,,3000000,3000000,Uncapped,FALSE,
2025,Sunrisers Hyderabad,Atharva Taide,,3000000,3000000,Uncapped,FALSE,
2026,Chennai Super Kings,Kartik Sharma,,3000000,142000000,Uncapped,FALSE,
2026,Chennai Super Kings,Prashant Veer,,3000000,142000000,Uncapped,FALSE,
2026,Chennai Super Kings,Rahul Chahar,,10000000,52000000,Capped,FALSE,
2026,Chennai Super Kings,Matt Henry,,20000000,20000000,Capped,FALSE,
2026,Chennai Super Kings,Akeal Hosein,,20000000,20000000,Capped,FALSE,
2026,Chennai Super Kings,Matthew Short,,15000000,15000000,Capped,FALSE,
2026,Chennai Super Kings,Zak Foulkes,,7500000,7500000,Capped,FALSE,
2026,Chennai Super Kings,Sarfaraz Khan,,7500000,7500000,Capped,FALSE,
2026,Chennai Super Kings,Aman Khan,,3000000,4000000,Uncapped,FALSE,
2026,Delhi Capitals,Auqib Dar,,3000000,84000000,Uncapped,FALSE,
2026,Delhi Capitals,Pathum Nissanka,,7500000,40000000,Capped,FALSE,
2026,Delhi Capitals,Kyle Jamieson,,20000000,20000000,Capped,FALSE,
2026,Delhi Capitals,Lungisani Ngidi,,20000000,20000000,Capped,FALSE,
2026,Delhi Capitals,Ben Duckett,,20000000,20000000,Capped,FALSE,
2026,Delhi Capitals,David Miller,,20000000,20000000,Capped,FALSE,
2026,Delhi Capitals,Prithvi Shaw,,7500000,7500000,Capped,FALSE,
2026,Delhi Capitals,Sahil Parakh,,3000000,3000000,Uncapped,FALSE,
2026,Gujarat Titans,Jason Holder,,20000000,70000000,Capped,FALSE,
2026,Gujarat Titans,Tom Banton,,20000000,20000000,Capped,FALSE,
2026,Gujarat Titans,Ashok Sharma,,3000000,9000000,Uncapped,FALSE,
2026,Gujarat Titans,Luke Wood,,7500000,7500000,Capped,FALSE,
2026,Gujarat Titans,Prithviraj Yarra,,3000000,3000000,Uncapped,FALSE,
2026,Kolkata Knight Riders,Cameron Green,,20000000,252000000,Capped,FALSE,
2026,Kolkata Knight Riders,Matheesha Pathirana,,20000000,180000000,Capped,FALSE,
2026,Kolkata Knight Riders,Mustafizur Rahman,,20000000,92000000,Capped,FALSE,
2026,Kolkata Knight Riders,Tejasvi Singh,,3000000,30000000,Uncapped,FALSE,
2026,Kolkata Knight Riders,Rachin Ravindra,,20000000,20000000,Capped,FALSE,
2026,Kolkata Knight Riders,Finn Allen,,20000000,20000000,Capped,FALSE,
2026,Kolkata Knight Riders,Tim Seifert,,15000000,15000000,Capped,FALSE,
2026,Kolkata Knight Riders,Akash Deep,,10000000,10000000,Capped,FALSE,
2026,Kolkata Knight Riders,Rahul Tripathi,,7500000,7500000,Capped,FALSE,
2026,Kolkata Knight Riders,Daksh Kamra,,3000000,3000000,Uncapped,FALSE,
2026,Kolkata Knight Riders,Sarthak Ranjan,,3000000,3000000,Uncapped,FALSE,
2026,Kolkata Knight Riders,Prashant Solanki,,3000000,3000000,Uncapped,FALSE,
2026,Kolkata Knight Riders,Kartik Tyagi,,3000000,3000000,Uncapped,FALSE,
2026,Lucknow Super Giants,Josh Inglis,,20000000,86000000,Capped,FALSE,
2026,Lucknow Super Giants,Mukul Choudhary,,3000000,26000000,Uncapped,FALSE,
2026,Lucknow Super Giants,Akshat Raghuwanshi,,3000000,22000000,Uncapped,FALSE,
2026,Lucknow Super Giants,Anrich Nortje,,20000000,20000000,Capped,FALSE,
2026,Lucknow Super Giants,Wanindu Hasaranga,,20000000,20000000,Capped,FALSE,
2026,Lucknow Super Giants,Naman Tiwari,,3000000,10000000,Uncapped,FALSE,
2026,Mumbai Indians,Quinton De Kock,,10000000,10000000,Capped,FALSE,
2026,Mumbai Indians,Mayank Rawat,,3000000,3000000,Uncapped,FALSE,
2026,Mumbai Indians,Atharva Ankolekar,,3000000,3000000,Uncapped,FALSE,
2026,Mumbai Indians,Mohammad Izhar,,3000000,3000000,Uncapped,FALSE,
2026,Mumbai Indians,Danish Malewar,,3000000,3000000,Uncapped,FALSE,
2026,Punjab Kings,Ben Dwarshuis,,10000000,44000000,Capped,FALSE,
2026,Punjab Kings,Cooper Connolly,,20000000,30000000,Capped,FALSE,
2026,Punjab Kings,Vishal Nishad,,3000000,3000000,Uncapped,FALSE,
2026,Punjab Kings,Pravin Dubey,,3000000,3000000,Uncapped,FALSE,
2026,Rajasthan Royals,Ravi Bishnoi,,20000000,72000000,Capped,FALSE,
2026,Rajasthan Royals,Adam Milne,,20000000,24000000,Capped,FALSE,
2026,Rajasthan Royals,Ravi Singh,,3000000,9500000,Uncapped,FALSE,
2026,Rajasthan Royals,Sushant Mishra,,3000000,9000000,Uncapped,FALSE,
2026,Rajasthan Royals,Kuldeep Sen,,7500000,7500000,Capped,FALSE,
2026,Rajasthan Royals,Brijesh Sharma,,3000000,3000000,Uncapped,FALSE,
2026,Rajasthan Royals,Aman Rao Perala,,3000000,3000000,Uncapped,FALSE,
2026,Rajasthan Royals,Vignesh Puthur,,3000000,3000000,Uncapped,FALSE,
2026,Rajasthan Royals,Yash Raj Punja,,3000000,3000000,Uncapped,FALSE,
2026,Royal Challengers Bengaluru,Venkatesh Iyer,,20000000,70000000,Capped,FALSE,
2026,Royal Challengers Bengaluru,Mangesh Yadav,,3000000,52000000,Uncapped,FALSE,
2026,Royal Challengers Bengaluru,Jacob Duffy,,20000000,20000000,Capped,FALSE,
2026,Royal Challengers Bengaluru,Jordan Cox,,7500000,7500000,Capped,FALSE,
2026,Royal Challengers Bengaluru,Kanishk Chouhan,,3000000,3000000,Uncapped,FALSE,
2026,Royal Challengers Bengaluru,Vihaan Malhotra,,3000000,3000000,Uncapped,FALSE,
2026,Royal Challengers Bengaluru,Vicky Ostwal,,3000000,3000000,Uncapped,FALSE,
2026,Royal Challengers Bengaluru,Satvik Deswal,,3000000,3000000,Uncapped,FALSE,
2026,Sunrisers Hyderabad,Liam Livingstone,,20000000,130000000,Capped,FALSE,
2026,Sunrisers Hyderabad,Jack Edwards,,5000000,30000000,Uncapped,FALSE,
2026,Sunrisers Hyderabad,Salil Arora,,3000000,15000000,Uncapped,FALSE,
2026,Sunrisers Hyderabad,Shivam Mavi,,7500000,7500000,Capped,FALSE,
2026,Sunrisers Hyderabad,Krains Fuletra,,3000000,3000000,Uncapped,FALSE,
2026,Sunrisers Hyderabad,Praful Hinge,,3000000,3000000,Uncapped,FALSE,
2026,Sunrisers Hyderabad,Amit Kumar,,3000000,3000000,Uncapped,FALSE,
2026,Sunrisers Hyderabad,Onkar Tarmale,,3000000,3000000,Uncapped,FALSE,
2026,Sunrisers Hyderabad,Sakib Hussain,,3000000,3000000,Uncapped,FALSE,
2026,Sunrisers Hyderabad,Shivang Kumar,,3000000,3000000,Uncapped,FALSE,
